{"file_hashes":[{"block_hashes":["SzcXChWNkdd8/5dlQ4wgnkXK3aoOSpbDFxS6LmAA+pc="],"block_size":4096,"path":"background.html"},{"block_hashes":["PjshZVXygzwfNoiNaE+tC/pRKre3UF78o4xCklP1WCk=","M/bgnOTCirCLALcCwH+r/ubeUm4Ug8p+PQ8J1CoWRQc=","QnmwFAhZg8h+tTwlynfNL6/RBbRencYiAlnDz+OgSKE="],"block_size":4096,"path":"background.js"},{"block_hashes":["p+6NQsfdSRFlgye1/vezlQwh/XWXInk8J/eWkLveiyk=","nwiI3o7vOF5rdt653fMz5WfZrTXlFeWyKSytk+2VVTc=","F0GtjHE83zgIUx+WOS5e5Z6vNkrJc9lA3+r6zyNRdm0=","y98AHKATDnqYTpaziwbEJZV5Ok3k0vtupbFSA7ZxgtY=","tYuRNypw0Ldp0ZRmHIKJHQfWzElrNpaaZRwX0ziqr/8="],"block_size":4096,"path":"gmail_logged_in.png"},{"block_hashes":["OucP5lz2KY2+LIYCelUx3rcu8+YwV2RnlL1EAis/pXI=","F/iZRGLrp4cLtq2GZWNNPtnxDJpEbEZG+2eKAuUh7+g=","D81+DBX7kBNc9XuMXtR9l/mNMMB1HX15vo6SRJKmstM=","+BwYUOFkr5jQsdgL52ymAuQrhXITxhEW9lr8y5rYyJw=","S13HJWX/fbEr0wua39x5Y20z3i9hc/ZqpmlKFzL1Hio="],"block_size":4096,"path":"gmail_logged_in_retina.png"}],"version":2}