{"file_hashes":[{"block_hashes":["C/pSZtSegBOBj3RWEo5+BcWp/z3SjtUPwERV2V9oVyw="],"block_size":4096,"path":"CHANGES.md"},{"block_hashes":["0Qe7JxJAcHefriIOTMI4Eg/8Bpvt/x+rD87l6iSoyz0="],"block_size":4096,"path":"LICENSE"},{"block_hashes":["NMViGZKmAheQ23golyNfprUXr2xGzb1XVX9namcU68w="],"block_size":4096,"path":"README.md"},{"block_hashes":["yP360N1vQxeQpIsXgkZrAZU4+4K4S5z9H7zhq5JFTj8="],"block_size":4096,"path":"archiver.sh"},{"block_hashes":["kAqQCoIcdnfQYa1BidSmpkFgQuDJv9qI1FL+DyxblDo="],"block_size":4096,"path":"loader.gif"},{"block_hashes":["uqWgda+0LLpH44yvDIbcEVFyu+ios+x68jqKAYe4HpQ=","/jQdNPU7FpoRHjvX23s4kF9vELfiDzoEXP3FiGCP/Hk="],"block_size":4096,"path":"page.js"},{"block_hashes":["7Hw9i2tROxxmrwPVAMXWGO1jqbxALIpk4cI7G3aPKaA="],"block_size":4096,"path":"popup.html"},{"block_hashes":["+vQidcuU8ExR+aCoiqL1JQG8GZ7qJijrCNgYcZZlItI=","tioFdf4+AYiGqO0ncoWxIw47PwnZ2ol9SWd8+2WBUoc="],"block_size":4096,"path":"popup.js"},{"block_hashes":["OST3Y5QUE9o+RrQmRgIIRHr7/LOXaopodp0j3UOa7eM=","jkS+il1HFdmwjhcy6sZ1c9vaVxKXc5xBMvrhRAI62m4=","+JmBfN/pVkUmqi+nzEdpzd4yL9XSL/hLDCdrrN+FNkc=","qc93GPnlTaPpTGvUI0rZIIFkF5LUq0K0ULucK/vf9pI=","B6FGmAXOPdCqLvZAbI0pjKcPRCvbDZCGB8pY3GcEjnA=","GGDoU2SrUSDV2LQRdPIv0eozs3ZtyNB5gJLKBgiXGho=","CWZHSnWLEGg5hUMxfvioAHMQzrV/TFf7MbSYgPhmp0Y=","CzOBWWJMAOpIx2cxRYOoC58LGs7PlD3vsUI1a0idn3I=","eNgnkXt/1D0r4JjYAAz9nW2vi53/R5K1zF1Yyj1VMTw=","L31p48i3rPCt6jlVRk7SZfWr7OqBkrmQUd2vaW1KHFM=","c4vLJ9U4BAA6wr+y6uy+pgFAOVl7nljaiC7zw5tksAQ=","hk/8At4PIWTNutDoDGPdZt/ePp7mNBz+DDLvYuVOzto="],"block_size":4096,"path":"promo-440-280.png"},{"block_hashes":["DXTxAiwAgyBDQVl7QPUVxVYuygAdpiQVmOkeJHjsx7s=","uFEJ/ucLBeGbPno8rZr3nMP2BKvuSfvZb/igx8zMJD4=","IEFZ8/C1djUlTE/9z9epOHekAYtXS3KyXuETI3y/2NY=","sMyRjWgdVINupEvgO9Ktwuyc8lJAhNCyweqX4csrAo8=","oyS9OjsWRiynwBPuNhakVhY++aRl3bh4usHqb6zR3CY=","obFYIsxsrj1ySDouEnM/86xx8ykUN1qnmBDV5SgNLmA=","dT4Ice7ZlPOP77bVRNkKAjFLk6rvpRmI/AhwzWfL/VA=","VzT2D7n/gKL4qoddMaRxwseYWTiYlDHLATo1ZbCtaYQ=","TCWHEbU/vY83oxf/v9rT37heEv0y73sWth33ISW7fgk=","wqEq3Rzr+iwxt1ctVz5v7PEcPyzUq2L3JJrlxbbaVcQ="],"block_size":4096,"path":"psds/icon.psd"},{"block_hashes":["tr8s+ih+7ys57iIMahTXo0JisBC9vCJFgcHJLPkyES8=","IAoUkBzj5efImJzFxcp2RhDWrqN97vZqkdUrihpdqOg=","7VJTfrBbD/T2XHJO7lhaKFYciX19fDjKKiaggVU5G3A=","NJ0MnlirvVf+eqrk/SPpZTl8WgOiR+Ae20k2YBxtL00=","D31R8ZRElgVFF2FjNNmfJ5PKMVFCW3eVy7SiKjjbnkE=","IIP6TTyPLip2kRPZ5Kqt7GPSVKOrS46REK4NR+DM2NY=","Clif5YDcU96d7Mnx4+fBzfEw8uZmlz/92hTFc9CJbN4=","iDPdL+LHVoPfMQsoCbTwFLFFArAoO9GcRaa6rIKB5W8=","dbxFClJhmw+aIdvMq+FUDIGB0CPsf4Zlafb7/OEtsVk=","c4UJeGvnH4e02ASwyxz0m7vBHfXwa8Qhif3pb5Zr7Fc=","ifvbydIKJen35HtDji3qsjjv1cfC+X6PSXWZHYl7/rU=","SGZ/sj90nz+Y5dlv9EwVvtl/xR1vYTpQilfhQqyZIaE=","sfUp2Au+NpCfSo92j50rgeDsY4YV05zowiZvFcHwK3k=","rBzVaTD0PKoGxBCkuZB4P5KJsk8P2nA2zb8b1gdyDXk=","bzh1LeXxpgLYulcxmfNwL2hMlxTmaFTXgYGO4grulxw=","vfaWacRGx71oipn4hOTCCpLQzhlIfQ//fiNkxHG9+S4=","Mxsn+YTkD+Rwgqfcnge5TphW363TlZ+7RjQ0zOwJGog=","v/pJuOgyxNooo/kRIESYCAq83QyT17NTEVXG97d7uTI=","UKf0eWmQYt0eC5k4TqRHtGiQafzO/4g76UDDEtzDNNs=","RMBJgPlLJhC1Fdx5YaoBri2wfJfa0KyVVY32txcuOck=","PwXHp2OWbDjWm4qZrwy/r7M5j8xNpe0IuWHbp12jVzQ=","xAAakjdUxeKRO5cxx93Fbn2YLMqKJ5pn9Y+E/iQhYC4=","owSUh1o8FVP4JiAPTtzp+exyHVrHoxB5AEcN6B7aSgE=","Leo2wXAe1ep2TEWCJ1ijSJiw+7x9E28cSDioYEM+2qg=","CXYJ3FuIoBIPDvhWqZNh8rbaTZ52e8o0nusN7VvmrqY=","VIB797uC/keMA4Ooj2GQHsLIaDiBogbNBW2EF8hj7Wk=","V703VNg/C0HsCBxulrJo87MIa/g2/Yon+NtbQ9wIRQw=","F+NUcJJCCS8C+adTURlR75uOm0sEQq7JyvfcmHoAsq0=","wpuxDnTsEp14QVP0kC+qzllmWWQeODRyKjlOoawD/bs=","U5lzfFyJFhhQuy2T/rh3tBoVu5wbGHEoZe1Tk4+k7VE=","XAaTnxpkeqF/YKv6ECCGpHmQSn2oGA1c1Jo3erQvGVo=","nr+9EJKHAFnshF7Cx1uhb3zFVfjuaGNiLuJdIRvXTQA=","GCleO6lupSo5JrzAjcEMkbPbfEJQ+SSeLRxMksGIYf0=","KmPF4yO2cSVWimDQ4EaIY304eZ86RmX3vWz37KQxOxw=","4PQu65f9RraAETmDZGblnEI/Fru6mhSDX6+qWurzbmQ=","+4mTFqPW0lvS+6zprDGtZjCupVUA1pcBls4nqUFpAFA=","roPe6zt4CSjfv3ILf/tHH0XqckrjYDDZOChg7TcbYJI=","CnWxHjBD4Kn/ut5IoeIqYbolxysO8UfCi3lCEKgREG8=","FBTAjYH5CxY8zrqHHqdop7NiDkutDmE/fmaxCksifhA=","X3x1PyuzSA2fSjXNVe5ogQ1KPKTNSjUuFXjn/+JLYiI=","9i0+R626f5h7M4aTarNlzwUZkSYMvoy3WACepa4UmPA=","DnMCe8LLQ6pMGGDqR+T/cF1GjliVyz9GPZIHK2CXtdU=","F/K+jjRgl9msV0qteeHl2w9cvWlYSkqD9HNHZjU/QTs=","isF2Mwzm7AG8EOP7Fr8abg8wWe6bHanI8odXB3WrIf4=","xyL4xX0qGRKUdzMpkuOpkHmPy/ZKRrYV9XJmPvx+P+I=","obe67Ao/OZjoItmXZxqh9kLfrTcz1QAiUJ5SpBplZ4Y=","9BXfD/jlQ8CcuTx1jWf7nlyxP7gJMvsg1jI7aHd24XU=","BlqL4DVvWSPtFCvKMvgRDSL51Rr6A10QnPTwF+dgcMs=","MkP47qvKi5Hi3+//HMvmQAn8PsKJr8nO61U81qZEYDQ=","s4GMWU+xL8g6idFZ193+VzruINie/LPHw4P0Rn3rVbs=","8k2MPQhHw1NkBvzAZEZRxOfPOhCzFfyPjEzw1yUHDDc=","pf4ZEb77nZuC5RZgZSSdQo9Wh6Z0kYLTArzKXjxH0dw=","wncRdewPhGJ/7go+gThDBzhrtGbb/cudJQQYpNT7zrM=","8BHMG7ebq5Y3meMgnuv+lN7R1MQ/VJVRS1MLVdkVpNU=","FWYBT7bIhq4+wrAu2CVAGaC4jyEVNUPbkDSXJv+DwWc=","gTuaorK7GjQj5IzoiSIzA84qaMr3rZmakYev2IG+NNQ=","e6sN5VCyqpnZ+OiZZCvfY/oLV1BCglBOW3VCRXi5Ho8=","wY1ixL/EBQbbneQFOOQ88K4cZPzRlWH4HbooWVPOWvk=","UXpTGnooTVxCXV0+Ey2S/NvdqZyLPvWd7EKTqOiWCIw=","amrFBX2jOt+H0/A1TesshJc0x3rviQkko1ZmNnP6s3Y=","y5nvLUkV4u/ZqLk9yL+hjBjlNYs2iDszkueux2TS8Fg=","1XPTB6bqyALfhS3hnqH13CNM+8Qnu6mCYQibo+rjIT4=","sFsFCSALUsbJI4NxSMj2dy6v5Q3TsgYFbn60CYlS+hY=","fQ/m6A8dd0NOWJ2abtvC1xdNOoIwwjIHevk0hr9QNBI=","TOQBUED71+q9PYrvfeVf2OMoofW+mnp/q7M/SVoLHhs=","CN0WK2Etp4tlZjjqqrtFnxJ9zhBSN0/6b5b8RLeGWk8=","HDpJnXd3JORHDGJ+N8D4ioeUHRAxiiHhMWATwSi1Yfg=","skmKQ2iSBf3u4stg01VWZ2b61mNY4BwI2nJy3n4NPr4=","3SsQYqnG96voW70L33r7Ossi2nRaOred4Gc4LZIO5OI=","XhXeXwEYDVhlA7JKwLWzrRaHP2rBmrI0FPAF7O2XILU=","vvyZCdkKLzAnmkZylBDyOO551Jm92Rl6VlZwxl4vGVw=","m20jVLG/JVZZXNQvLL+/GtcfqjWfe3kA3X/aetUTJJU=","aTcS/Yv3abOAgIRkiqO6Q8vL8+pvtppLYyOB2zi7/jE=","VdqS27GjRKwFNmIoIMKJElQNhH3AQrWRoEpgJeWqWDA=","OYjdYGmtmAGhkct4aHihfGxeWYBNDhY9d1AVlBwW830=","CkhrSsMjaIx8DfKSpS39BuyuYZxPzkMriXJanYpm1TI=","7edKk7TrEiv2bi9IZwGY/8KpaHfSqN0Gc2Vu9Np1PuA=","7jfGL5JRiWi6IsCFCPs74MMUpJpGgFNKwbkvOH5efqc=","WbHszqAGBNi9vk64+6uoQqPyxhLSTpBH6jTCuUrX4Oc=","i0nMkDWlE/aHURQ2g+9SzkjPdJtrZ9bRU8UAlcKKWdM=","cvqw+lUxnC3DA1auLFIWXdsW2yWCf6nDpqqa5CdP+uc=","Y3hzlCcapzFZB5KUZ6QfBBEm7g4KnXhfZELB2NHOLVY=","S3XMryMuw6mI7CwJrdMq/rul+DhRc7AwBfOyPbpUs7Y=","CSERQpCvQ1aGmLNL95tbzLFz1FYbqGZK/Mg4aznknas=","L8NV+UM3QQmIQoh3mx9SPg8qxka+CuzBRnY2LM/Ni6o=","J6L3K9DhHfatkQduWuCtW6Gc6S8sRazg2A8SlFpEF0A=","+sSKK9IJso/+5JB5mVIbry6bIPzzWzNZ66YAaBAVHUE=","I/3mJsqkW6o+akmOXlTd3mbYyYu8AGV57bIL6C4KC+U=","8YeUO22nkTsUfULp6STWvcEdve0Hi7rCtoORKvbWC5U=","eAE2pr5PlXIj/qpSxOUhcRdHjsaV9YeqHuDOKfi54jI=","iWMfpUNrVD1WIvZ5sF4KttKMy+7tdGfDJK2fSkzmHRw=","1Dpw6F9UFVcX16JQXGG8G699Zz6oZejaSf4CkJT1hT4=","myYYHNt+wamNanyye/RgIQ/J73lmCVoKjfZp5vJ5L8E=","9BxnwBk4xlM6W+ZMEybfqDLYSR1pzK42qokG3p8LV9E=","Q1XV9XehvKANYhOTmnu1kMMmqwhiO1lZh5FxI9HiK0Q=","rNLrpvT2VDi5SrsgOvR6sNisqrCLRwMFb6qWJQjCYz0=","UspX9Uu0HvYhb8IrQVaHa4YTG+zb6dXxMXR2PZfI9ek=","qbtLpDrpVsMAJwKbczkfXHX6cykeVYAv5t30duNLVzY=","+ohXy6eF9nwes/rg1aSvO+ioZYkooYcwLbpObfnvtpU=","OXII0OPaN0wc4sHLM0oOnCDwj0SkbcEZgoA/Ew9ECQM=","jAxEQmvU32o14676z3X6xY10AIJOUsCWwUrdj2i1xBI=","zsc4j000Sm06Mdkc22osmxv9qcbtZELtn8p1lmVMUQ4=","PkaIa3hQAdvewtGNMbpfJeN6EpWWaT81A+FNpJJ37II=","8BmNL1qmFx/6GctITsc+VJ791qYqFGJqlYXqu0jUWUs=","TTMXKXeLNibYkZfSZhxH097aXqzDVv4KzhcmYrCrG34=","sF3SZPoCwDWKxLyR8vSdAt1IoFQAb6JT0dxDvyLCR60=","VFsGXsU59hYjLwNGMSZJ8IuINNbf54pBNn+SpRhrIRA=","yMMd935jmhykxrQB8LJzhKMGe5IP2KX8q42jyxXhjmc=","ON6noaM1T3bTWbICO8Nw3Bp/Z8U3PnyGklJjymr+dEk=","3M5OzafXJuoX44Ne/uvtfcYd7MJssR/PdvpkwmMHJ3I=","Du7UGen8+AdGL0fsYJlHcNrJG10qaH6EhtEyB+pZGYI=","vHzts4cEvQPBzGISBRX1tG22o+f/1yqhJBdwql2nacs=","pLdoPfpuPxD8oUVjB0+GldYpXpn4dq0sU/zTHkFHlSE=","PGBQlQPjLseWUFvvuiuedu/bkDAE2vGLldZW/ij4Rh8=","tJ69eBMF9K61cBmjfqkIxjB3vRBxGWUCXlT3KstrQX4=","MlX45xJtPOw0UZtuEZs2XcRTagJv+oTVrF4Xtn3yfZY=","oCl+i8/4reaG1+ZLA/2ys1USed2+eVJTknymDYam0a8=","YlJmB81PRvPOmi8Q6V4pX3sn8oR/WVqsdlshhT7QVv0=","+4in36XvRcYk5DQgXqKT+WhIXSPPK/gZYZbg/PdLrag=","q05SjtyRE4DSf6dLXZO6IO6BSIDYX7yeh1pKtGqPpuU=","c2dUhqjnhYRzn+Ax3CqlPhRfPqV+73zJZJe/AMXayo0=","76goMBhQMcU6S/SShtuQCzLlhjPwbL8tS7MljzAEMy4=","2nrePp6TMdi2zY3goxoN1YwBHhpe9H9WrgYnE3iDca8=","DCbcTVfbbzYBeB2PO0W/FWXiYimVgskn494pODHrDoE=","UaPnsCyN7t4Jh2J975EppKyp3EYthYXAHQcFHTyHclg=","j7HH3TrEiNIsJqTNMH1GnStJbuNj9NwQ+/sQxijxQME=","pSyhkcI7Hem1UecREHnSf74lrrLKOP2LLA4r/7xR4kU=","zho9nknNS/EowLdurw6BfxEhQfn4tP5yoyhZooapv40=","VrC6Sntg5IcPywFag7f59txSi6K6AKo+yeLH5ebntEk=","n54+Aw6yPDEdHPPNi+zQlHZwoOIRIAROvz9ANtu6ytE=","B4dm1vXJ0iycdyzttmVBSL3nykmYL+086trEsLXqQ0s=","UlEorFowSi6LZFG+Li25NBh4vtgLHrXTTLfPG09VSlE=","XjFi1GEepReuc/aIeJHfxpvBe2IjrBWjn2he4M6YfYs=","JzjYeyMw4CJToISSq3ME1mDLC8hMLY6rdFAatXDWdrg=","gp0gsUq0qeMmS9Q+XDHehS82+rQbabVfI5nZ+v7HQYk=","SnthZ1NQvgQIMKjz3NCulyhdBX6SSrv+wPEt+hdYJZg=","L1qySc4zpnvJ7BFR2lS/kkY73S8Kthl73M1eLGNsbo8=","trr24ix8ktjps4hY2mZlSmnRx9M72qjg1xYSImRnhGY=","6hXNEO76zArs0zj6Ox84+BnMcYPSCJ8GB2b4s7p3BaQ=","Ku3g+Pzz7xuowgLOLJQ+szMm1bmrO/gDF38XO1dJvOg=","YblWifLxU4xjTBQOJoExqR48s3DAYougbKa33GNS2As=","04rr9R93pXGVKmh6LWngDOJ4H5K2blo2D/2dMkQgz3A=","nk7dYSzY3Gri0lHL7LmO0DN3EdhIe9wsW2N+XpKuED4=","z1qOsNwHxKSKJUaPyHQYuZZK8h5wHamTnEO34hk6YwY=","OsbFhoIBeQ//ovuAt3AlF13DUEYcWauyeIwf8jSvceU=","ineTBUtXK+LNnaq9PPaS9KwRTBX/LtnR409S2V5gdYo=","Y/G+zb7ooSikVkzLBEYQlOqLjoglHznrBcIQY5JW1Lc=","md9S/SXcASU77PNa8DVh0xjNctF39ucZWu2hZAoMyiA=","flAc14l3V37bAq4CNL3oJ0jj6PwRXU2vKMDoVMmkiqE=","DERfGONoxuuoKaAqSv0fwD4dvFWpiANWeI0bm/5vWvE=","wokI/ZuZjG492DOB9wgNx8pfqw3kCCD7jP7/WH6WFFY=","abdpd2Jjd7LVdR77p+6XgCbzqXM9SUOWZV/sqRbtyU0=","0WcG4YMJ7ioLKZ4l8YoSoWBK5EHAwX8kzTbIfxbhUGI=","CXBpjKkSU+jHboQNY3UZK/ORinLJ4oNuUcznw3YQL7I=","UJkFJPFhXzFh7+SPHi1wosSIrNoR30zXy1d+VqDX9vs=","7JbpI9LFD0J8f9Dezo1DvYY4CtvmyrxzQ3blNS76EY8=","geSKsJbScfvjWQgg3JgCwSKBPEEa1167zOfxAJ3diEg=","FOP4+N/myNWEhouqHoSs+ZG68FftWXB4JCNkzs+7/4U=","2/Uth+0HCctgCzCsRv0CCooB75ynReeyHkwjUXC32OM=","JVxBBGZVgJ7t6hyRE52NWGrynpT8zSguWUWbFJr28Gw=","UKcPGUmhL0oJG4lKYgy9C5KTQwpnQdj/h3uRS/8Ad4Y=","G0Z5wo3gOvhoFd5TNv8NwG3JFnPDNzA5D1ph7SIC3+I="],"block_size":4096,"path":"psds/promo-440-280.psd"},{"block_hashes":["V60uOJzH+Gc9QWpajuO3koG0Lq62Qo64cp6b6kNPRdw=","8Z9TUsvjlSSoTVByHKP4qUBsJdbZvZiJnbpCKNesbMk=","Nf+gLVhDBznl/LuCCSrp0wNIefVGtr0Mvfml0P4D1h4=","fBJSaTtc6eHi5uRBbmT/RjeTekY+MtqzfJTimi36j8g=","egeYvmmRvWDSnpzErfTZGWYRpBCmea8H2dc8NiTom6U=","A9byHXkofDbvCHrW3xMkVFSe7mzfte+1nuPqqWmp0rk=","4wVIcTCvdxiLQqEiNyhnp/fgChvASjzugehKfvHGuUM=","bVmiWlVtz7Lbthm2diWfX7MdM2F4ZUQ42HEo8CKRtjU=","MDulFkV4jh6yNoY1VAGMueBzdCcOtmFWOBe975TP1T4=","W5Ft4/tXLNQrGOekL+o6D1xGiF04GXMLQEBDyje0cFQ="],"block_size":4096,"path":"psds/promo.psd"},{"block_hashes":["khbuzcC1UvHRF2HlB7yFXc2TbY/74WC0YReyOqot9Ek=","ME9N6BGm+VRdb8MEve79RrRiHru4ZT5cbTi3IiDmn0Q=","Dfo2MRTLMSR7GqUxFSoqzxGkwGCftM7KNnGMh/Z0Ltw=","I9CQLc2QQN3lBXZccgWriMY3vuYD9M52UueyYLOOg00=","Umzh4ypf2S7PLH6A1P6YHsJJqx0dZiMtyk7QxcaNm2g=","gEePv5F5Itp6Gqdt9KhaWOUga9ZjiRvmXU7xGQng/TA=","LE7+B2q3Sg4ktmVG2yS3SZ8WybZ/gwnLV2qOPK8qJ5E=","p7CipQKzqoY7v+gAb9YFZkZz+kSZHimSiGN3BvI3BCw=","XZkBmsabqL4sIIkfoeTcAsF+F+r2cOU5IKOBmCxuJh0=","oJZglTp8hPTotrBT4kBn+U3qf62Kw6JVFI0ixzh53xM=","LE7+B2q3Sg4ktmVG2yS3SZ8WybZ/gwnLV2qOPK8qJ5E=","p7CipQKzqoY7v+gAb9YFZkZz+kSZHimSiGN3BvI3BCw=","XZkBmsabqL4sIIkfoeTcAsF+F+r2cOU5IKOBmCxuJh0=","KAeZXaI8fbr9rZlAI/ArhL12JrzcVCUfXoALPHfXbBc=","+CX3WiFMr+oZHQYE7/k4Zw4EBfe9YtjI5jmS2gHp5VU=","p7CipQKzqoY7v+gAb9YFZkZz+kSZHimSiGN3BvI3BCw=","XZkBmsabqL4sIIkfoeTcAsF+F+r2cOU5IKOBmCxuJh0=","KAeZXaI8fbr9rZlAI/ArhL12JrzcVCUfXoALPHfXbBc=","jSQwJL4XkUKCEZhfFCraHWE2wp7FEsfNnSE16+0uVYM=","ADS/LGCzjoeD6+9tQHxcxAF+RlF+Ot7VENJqZuu99rw=","4U9AvCyeOc6jrqTVaAniCrq7IrG9Val8Yh+ictRwZgI=","k83kt5n8/NmVM+7tPJ4ksutFU2hSs23z/m2rHJrWYOo=","CO7R3mfQV7px3p+9rIX6zC/H2dXh78UzdXmcnL3dgT0=","MNgIy4Obd+ddSi9gPhg+jukMTKVuagRy0AeJTUI8LYw=","UvQWu/QTFlAyUoUR9z899C/1kbyA4/x/DcNQIB03LGg=","MedepITtMFrABWclC9JETZl22BeCSmOhC9QG0o8k2w8=","oYxRylMU6HKpZ0YWeKsX5Ba+qyqfZRXBojGaBdpVrIo=","2lQQGziXsZSNdtxVfnUiTD0viFFOaPeavK56BnOaW+o=","KWJG8vXXU8IGwBDKHG6p5jHDaLu4/xcpMnxma/b8QP0=","bKD0WIrlEWbS+VXZqddKwwPKGCjgjgIZgJVIPdRwdrQ=","SUQbHeXKG8zhtBDdI4gW9by4stE4ZExanOBOU+qB0b8=","Uqf4jNnb37rIYfFO3BnjX/gNElICA4rRrhEPDp9xkSM=","/fQD6t1nmp7ZmVCCJtV5tiGSE04Q49tHkhA73mVKi48=","tRebAjI2cVr4JwBS5KmpXh9+x2Kf7h+YIpptFU/87xk=","LdFUJ1DpKeB5OjOFMMkpCAEGdoIWMqZFDf00k4kk/Ec=","gzy++PoBLNXY0PgxMYTcE1KqsJpnR7LONvjKCLAg7sA=","kZoXa5eqVQuxLb5jbMn5Wf+b4bhMvx4tQFzT5iJjZ+M=","whdeuZcOS7Ylc2fLnMcI3NOqRyFsr7URqbKi423lwt8=","qk0zYVG2EyIGEhr+SSVoWeIVnE590e6pRarq2FcaDyU=","QuJUpTOUvYqImqi+uPWzEsFH5M5xxDK0tuDpoZXbSME=","8DBffoGs9ZRUbv/4fAhFSYD/LPTsWvBpOSiB1NRnFiQ=","EJ/HGeHR/Yx2EyhJAtYiJLAxUh64FlljqXe+viDsd5Q=","ERjWj5sZ/yKG3d0yvnWXmdjukHDfdMzRNNRt+XgIq/U=","jYTJsNHwNN5hUvrdnZhVjl7se7due9WOSkxTGquvzLc=","pyjKeQGW+c1yl4mQ+63OfKLnKvfyIiIGv9XJxG/L8zg=","gNM73FUStqVzLsLL0Qjvh+aGx4lIhg3oXrpEu4dZXqE=","puJ8WZJyZBnsqX0mgkpHolQ3Cp+x/9uxE+xM0cQvk90=","ux/7XLDF8VmXvCVUuBxv+8fuCBE8lfTcofDIzshC7RE=","e5kBuyRa1VRRAYt30X04ji91I6+A3KoK2sxbqcN8SuI=","cQfDYzk/I/6pq9ycAlt6cTTFAxwILS1izt6oTcKLWO4=","EFyTzJdNoTyU8oEo5Qrorx+CJ+G5OE/WhLoSk9MJoeE=","32Wk7Worg80Szlua+dZbHlTOVx1BTdL8ZrrIHX3Uqfg=","BCOp9S137+sGA9mfLbPl3/wRyrAMk7F89ds8Ih1AUKc=","X+fWpgk47hAfbIOQ6Uy17XAMQKWk+a5iGe2CMHnogw4=","bPgDupLLpgR+VSXKPr86F2rVm+Y0M1QPHnv/kC0mBXM=","Y1h5XnEeX8yC97V0U4wVIGQ6M/7bX85f6ERH6mbxs5A=","ccfisYdUk96xgqYQZ8vR1v6q3lRtJMJTBRma672/7mo=","jJ2rSyhcYuzvwfcec4gdw/7pLAWhWXV8mUvyIaPcEDI=","MNEvJ6dDiTp/AQFTRvztu5sg0tuzvtvXuSQvMKkqOCs=","gCvlt4vqbAMJtsnbkjROxwVzWos9kvj52izAat0nZrg=","jXYwLvtP4RN6DNp83/Z1k2Xiw/SRj/koxzbmKntkq7E=","JUjVDvHBBJ+KxtiSk6zbvoPtqdPS22tsdHs034IfJEk=","aayvaX7JtEFiH1ta2107JzoUSq72XYocMSd/jaFYEt0=","/JVVy/yMgCaq9WWZZrQFKTLrTCKBzdqyoKzgd0Ng2XM=","d1Uz8hEqjqXV8SfIZ9nsVD7GMUQa3yGsnxv838VkXA8=","z7tGoY01CGLcrlKalbKT8rXgTsFQT5/NSzpKnx7L6OE=","prStsXXVH7T1qGHl8Ds/kuRrvElFoR2tDkgkqMGQ29E=","duleyyHheE0mRu0KzDoqcy79qNK+5iL3NkTN/UuHYoE=","u/T0AoWJTuWAq5uofdk2baAYz7hOfRKteU8MpXvXCy0=","HWtlclha2SNomMfYKt5qJIJRI65aZwv39gEv/uS3Ya8=","//isqA3TnRwZLDmJGVlNkpJH4HvmrYDk4/hPXWM+tCs=","Id96RhQyWzDHQKRUJVdBKLgY4UQGYWe0a66fUEPCDh0=","0qFKUbDJEAVe8rYqbLZBlLZQE1qxNcwp0vNr/tYVkMU=","OKYD5yd92rMK8C1nQ/TAviWhNEVFaQlSssuIPSZwEXY=","qqXn/ANWWQ6pIlrGlsdddOwIzC1PUoUJXEjMjlbuf9E=","3yDqe2TA8zatWhZnZ+qig9+wyvLIR12t6lx36sfujT4=","nkvDongiG4l8imtpURcQSJc7JH+Xc3fllKwi+P3YzmU=","wxh08vLhKcJG4B2KAAhwglnSdAliOKTxcV5lpK1K2b0=","eOhYPINVcNcWtuqAnI1yFJkDaZgEvMD+xaGA64BhUA8=","isLagCH95QTOW50Gs7zs895baIp3ZXsZUafBXrQTclE=","KBBwl0byE1+/yoW7J550whhzJYMuOsAzfijJYE23ahc=","xk1AbWrrnpxStanKIklYb68lasapg9VL6SIrWl57lyk=","KHmri+EtyIxrAHzeRrCFWe7OQDPwZeVi7KKNUkKK+DI=","OOD0SK4ODbNWgN6ysKshtb49pcJkTN0hZ5UyQMA5KHc=","hNl0+8hQFjRiMxTV3qkIzwcjIVOgIO25EjdKLNi44h4=","6bYlNEZVweMVPkDw6XD42Dbg+WQfLPo0bnp4CouXnEU=","qYiAS3zbB+VlYehV+iPqA2oXWfMHJxqFFTnFMLb8rfI=","jm5qQkcWvIMFkLRLvfVqAED00Mg8nYv0QwQ6K3X3MM0=","QpzPNQubiMRzersbFutIKYQmtHmjKTiIJNKVjVpEG58=","xKXGJU0KgK1jv9shVKNvo+vNZ2yhBBQYlI7fTd48zEk=","LXCbD2400d8Nqa5ZqwXgHuJfWg0ZauQOkB+5vik+IAs=","XZkBmsabqL4sIIkfoeTcAsF+F+r2cOU5IKOBmCxuJh0=","KAeZXaI8fbr9rZlAI/ArhL12JrzcVCUfXoALPHfXbBc=","jSQwJL4XkUKCEZhfFCraHWE2wp7FEsfNnSE16+0uVYM=","WzaZMrlQm3cwu/49gzz0e9HL4RshgR93ebaK5MYOhR0=","vCqcvl+pnmrWuiQCoeM6+liTC5/2/LzT7oa8OBAs23Y=","quxLuTe9WsigknouK90zUkXeTpgaeIdf8eIxKvS93Uk=","Ya29yBRrKnFCz+ChlP3NVRSpqMvkDqhiTmum9cY6dUc=","LE7+B2q3Sg4ktmVG2yS3SZ8WybZ/gwnLV2qOPK8qJ5E=","p7CipQKzqoY7v+gAb9YFZkZz+kSZHimSiGN3BvI3BCw=","XZkBmsabqL4sIIkfoeTcAsF+F+r2cOU5IKOBmCxuJh0=","KAeZXaI8fbr9rZlAI/ArhL12JrzcVCUfXoALPHfXbBc=","jSQwJL4XkUKCEZhfFCraHWE2wp7FEsfNnSE16+0uVYM=","Q9F3zhLT1JILQxz9nK89qAD/G+TP679ke9En92kU6fo=","IH9hy2nvYulaY4VqwS2TC9SeH7iwTHo1HaLSETbk030=","lRkBIYuTJbANCvkPry5+qTtCveHk+YGCA/qJcJw+JSo=","+XuxKsS+4Cv+YA66j22Z8186EWKI+oRxoc36pLI92nQ=","605sYjtV1l4RdQsKhXhEYVXAOsdTCvh2GT7KUW40jz0=","5RmPFTR5gcs+H5dt01p/IEhZ0Y9Wtqh3V3+0zVZLbHs=","oYq5qDHShCPQ0tDjaYm5Oau5sGdTelrPt2FIogFHKv8=","WzGEcnQHsun6F8ZGQOZA0dcnLOkJxsA6zB2ZBqkPKIs=","NpmECJqV3YCjCSn45bVkqwqnQSIqOFTof4nxPvypJFg=","D3ugoL2I6o7O70SMSluCDNlV+Z49xXXb6TjGz6FIjw8=","524jhC0TVmN/vJhyPhfh3XgEF/z5qNJR3ippEEn9oTI=","e3987NqtuVPS7TD2qcT4Gnhp9Ej9BswyqNOKolvoNgc=","SFM6fyvvUUjXoeIw+WdgyBl/zRxx5T0MHxvXekVNk2A=","d5pvWyuEjpPJkNTdCDO7Oy4mJRIBuwt9cYrU32Elhcc=","AQ+vCLqIvv58YSL06PsNluDczkHHfLnUDANl3zm7PFs=","FGGvqhZPUuq2aWHP8fwy4jQkKjoQSVy2cpIFQYprChw=","hQPpqo1rYzmoy9bCzMA7HZWfs07hSWBIBbcl+MN7ieY=","ScxHTuC7szTWsEI0I6YBew/rUVbrMO6oZ0ml0CLmU9k=","yGFXrOGcaDJ2lLGencNyBzLjaK19755zM49tCSfpyd8=","ZE4c7GGGm03ZVSWr/ny5g7MiJ/ZTInQAioacJbUPqTQ=","8eVAHKu96+kWCvAY677GDV7juPBEJPGChaQ5I64uuZw=","nbLqxPmiK02gkSWQmC9mmToBNDjB8R0/2vA8W7l5VKw=","dR+/gaGdijdd/7bH0yeBXFWa9BJ3UirFrYUFLS2WG/o=","vINAmjs2ERioGBirpuX/KtutE8kC+E+GSmdHpzJP3ZQ=","lfecR/pvfhMb5SoVf2vFjDmxorW23WQ5lbJ6g5abKz4=","ys6xzZuheUlhx/M31BVtlksjEH/wdlUv6OiAVzwVtDw=","mbLMRh/yjK7Qh84VTN/zzFbK65CfDuC+R+rvxDUbZoc=","TjEXJZeh6yAP9HR+493e9tRdBIY2HlWLfEKFXFxq43A=","PcWdUGl/Rd7M/86lTkLToAweuF8LEXwxA4De7UDfwh0=","T/cZ7bDHST4VE3iOJl7o0g32ubYuFpJV+UuG0LU6PoQ="],"block_size":4096,"path":"psds/sun-rays.psd"},{"block_hashes":["H14kLFRdEGPQfC53nX/DcSTwLHzjKFD7ihgztreH88Q=","2sOZM6OqBJEBgYsJMt6bzxIPg69gOrcrfJqaaQd6X98=","+ZZIZK1h/lIBNJZZ2bxBd2s2QLJ27cKIkaqoEahRU4Q=","hyTqRyVHiPbv/dsmynQNfkbex2WgGcOST9+pbr8jinw=","AA94bTPogeYirbHO8FVgd+Q1bQ+8K3FedfsYgETfcIs=","aE2doyJscwWighP17Hba5eahXaY2jm69SSXqRQx7wKE="],"block_size":4096,"path":"screenshots/active-screenshot.png"},{"block_hashes":["0JCPA52LkC89P+XyLjrm6ImdvLYLIvPXrzuUS/JtzPM=","E8OuJ+cvju1LPvBtxhka0Mkp0GeieChNc+KNoiY2oMQ=","IC8c9HdVWoq//+GIEhKkLtikBKjuszdNm53yrctuoG0=","5Svaf2uCAxvazy6OfuTFyUHpB4qBV2gNzRFM4Q0to1M=","x1ManaYwaXkpEVjASTsz7XlFWfzwlo8+m4KCAdJKY1M=","DxnDCgwfUcDdaBqxw+ZDXPZQpgSgjuClzD3O6ZKSwqM=","51zLjn15HPFYys5+c/FXIj6OdFj9cNZwWRcJO+ggmL0=","Oy844o1r707y013r5uRpLlt0x+P8+toahHy4lDFxf74=","ptQs+4s0OSJBZ2ozjijXv/3/psMhORjrpvdUI6qxz/s=","s3CPh9mSG7SZJk9qutZ4OUf+AvRNLTRiih8nIUli6vM=","q7wTXXBTQSV0YqFvskKirtSi4XJTWkG3Z860ta1bkoc=","3/fuAVE0TIr8WcIIRl5cdVOeLMXWXhzmImh7UbQoPpU=","tV/NTTNU9lrhgLmFW6WLBI4zx1AxiJ0rgGk6Fxiq0kM=","4LbibAUPssBRDgc+42xjw8Hdn8HM5p4Q+Sy7E1Url0A=","WXBWQs9Jx84ecbfaHXyNQbLc/GrOkY4Df6ysrMInAu8=","NaV7zuwB0kLtX+oM8aUTjHszGGZAs+5pHppT9A7MzwM=","E8258OnpRxSMcCo6Xp6dMlvGLhlYucX26uZN1kNHUlg=","xGxYqzX+FFH0xIPI5lauxFYDW5v5qNr25vpP/duH2ew=","suO02Q4xKaBfy405X5JZXpU4CCRrNCeX0top82vitnI=","s/l0FUyZ7F5nChcNl4Y7jkgAwgg2D0XLuHm6JR3hNuE=","Oi3xtF6BOeRjUJQu6Re3NpZAILmRRtOxqvfb0EBJFh4=","hNNmG42VybxH4CYtGw76U/F7UigPS1eSwYydSmnwxo4="],"block_size":4096,"path":"screenshots/finished-screenshot.png"}],"version":2}