{"file_hashes":[{"block_hashes":["joTIhyXzawYhUzIp3Te+mAPIg4PGFTdm11nZTITv7iY="],"block_size":4096,"path":"Makefile"},{"block_hashes":["PQl/whMhdotuivmlapaL0phV6CCJmExQtI24mHA4hug="],"block_size":4096,"path":"background.html"},{"block_hashes":["P2LJQTfi75T/vKQ3AHLL28KMcL1ybaajMaKWOryqlqY="],"block_size":4096,"path":"icons/ajax-loader-0.png"},{"block_hashes":["DH7rCUeaFn5uYmB9sEB5W6/rPInQiaWW6UPWZI8Ga8c="],"block_size":4096,"path":"icons/ajax-loader-1.png"},{"block_hashes":["BmB8uRp0llDFFDpVurtf5gp9b0Rs1P+z44jC0dT+vmg="],"block_size":4096,"path":"icons/ajax-loader-2.png"},{"block_hashes":["Dkolzcl0DRlL7/Z6+5i/2FWxwtu3BKb6EwB1hlU33Ro="],"block_size":4096,"path":"icons/ajax-loader-3.png"},{"block_hashes":["ov11X7XSJDx33lq74bDqIDIwZ6iGaSF/CuDpzWF5KiE="],"block_size":4096,"path":"icons/ajax-loader-4.png"},{"block_hashes":["0MPlaSV4QAy+s+5fYD5IXiVxkDSOP7HV8A/Aiu1rdd4="],"block_size":4096,"path":"icons/ajax-loader-5.png"},{"block_hashes":["WRckVk1ipfUYmcpC/hKCrDV+VmVRRQGKBU/g8KHBdDU="],"block_size":4096,"path":"icons/ajax-loader-6.png"},{"block_hashes":["hJj7+o9YVMfGqCDKg/aYW6DYWlVn3rjZLWIe5FxTsts="],"block_size":4096,"path":"icons/ajax-loader-7.png"},{"block_hashes":["Q6UmoHoHjXNuXJ1n2Eed1UByt+XG3dLNRm+GoIbknvU="],"block_size":4096,"path":"icons/ajax-loader.gif"},{"block_hashes":["vI6nPkluwPij2N7GDO86n1BGfouW9MraYmSHkYFSXwc=","qP4aSOcx8yxPJ2NjJpDPiJ3QwGgSoep/Js7SOrhufrc=","ewbVMsxkmrFbCZwZrTf6VR7rGLqaBg2+X34vZ/+J5AU=","i8Sy8wfC+Jd3VkgjXtKsrE2b+bHqylD4Ygyr5QsE6Hs=","6BOvAE0XHNv3h94R+5VZw9AWvXvErIwLaMZuIfnpwG8=","XHvEmmsXzImvujeyJxRp4Qh+mExgRSFlmsgNrsN6m3Y=","GBdxOGR/uV8I6MGW/m4vBhjIJp6Tdioa+laC2t5k/YI=","YCTmnobgfZmOyGuX/RTaaADuTYFzT6mXlFPLicTZXU0=","D2Lbs6Nz1cBE1BkMMy4wMUJAr48eEOGccZJV+GuiAIE="],"block_size":4096,"path":"icons/screenshot-big.png"},{"block_hashes":["QmqZmToCHDOHLAUFpFwQKnnSscbK/hDZ8P4gPzUV4FA=","/2VG00W1Jn/67R+d+pvSEIb/Y/d2YvJ8re6w6Hagll8=","yAPIyBvg95Kb5/d3fIGblVzr4aciOOW7E504r6bVWMY="],"block_size":4096,"path":"icons/screenshot.png"},{"block_hashes":["vOZ00a/ezQFNWXfmryeQIy/PLpdd2L4ZWGM0w3mF6N0=","4KE0cKAZ4eY3UdrQH815r5peUSkzNncnZXKbJUDc4zU=","yaSfRtExnnJ01u9c76uiFCLsArUNJwgc4L6VJ+Y4Z3w=","51OktC+m06+P0cbHI5O+d3pf4CTVfA9o2xc9z18D7l8=","64q+6nHSaj3nWxS0+sJruRjfLhF/a38ZlbUocGV09Lg=","A5c7EUgxPIk/H7EMTkD/iWqNqSt6GLXJrhSr6gvnMQo=","AXell8abkrq3FmoPax7l7qYT75w9fWkIAa0R97ZOKoA=","v/O11bDS657m/V7JKHOQehNnSCof2eu+Z+Q76xwO/ao=","dBUK/H8hDBZ6QSIEiWHDrZkLnnrzwyfTKQbMwgl3BpM=","2x/B89v8NhJLlsN++Ml0rVqUVOVBgzKLCfU4g8B87vg=","YZqKqSiZsluCRzz9/18eyRXlDESmuHY8FYQJY0OlNx4=","GdCGGlNSglNlX7MNUUfZP/Sx5Ia3fEEJtl+70mS7fFg=","SB5QthS0fhSxJAki6CFkVB4qWh+vL03Xa4T3mAU6Ocs=","FTTY2nbyFEJYbKfR8aHVvSs2lBbu3qZcJwTOPBSZYkM=","/vdmk3Zt445ZRo+bXXI5oDc3q3H90uHtWEDd2DRNHNo=","68zIPFYtz/uSToy5U7aIFgWzYjnx2CNnizCsKSL4BiQ=","YiLCcbLdSJdXWz+z3Lm6+LQqHZF+9SAbYlOZ3/TR6ag=","5exy2uche3GgsMiPcHZitGjAdKQR/ejX8RR3XUA49DI=","SCZTWDsUY92+hL0zjx5t0tOy/FJTfKXyHUmFF5heenE=","hq8PqfyftcsZgO0ifoF+Hqx2uDPkcUYcRErv4h0hetc=","325hyeJCtiLNB5DC+vKCbsJmY9hVasufophA19N2F/I=","Myv2QSdc4golZMKm+tyLUUifhsLCSrDD95nCDPq7ePY=","3ratJzTnb6BSkZOV+O5qFXQNzsBTYNweAxaIsBsBBN4="],"block_size":4096,"path":"jquery-1.6.2.min.js"},{"block_hashes":["F0mcOqHBzO3myLHiGxmj3QG1GMz9HGMgXU+dw27cBg8="],"block_size":4096,"path":"jquery.json-2.2.min.js"},{"block_hashes":["CliUdrsb3CPj/YQnJiCx1QQmkO2ND9pGHgki7Sn4gO4=","4u+mHJ4reQS35dFyWJj7mRCNaPTPjBgu8lHVSayDJn8="],"block_size":4096,"path":"main.coffee"},{"block_hashes":["k+jgwiadhE/vD8xcSq3eD0UdjpS8LWpViQedi1Oo7oE=","u9lHDEvSB79yH6dv5RiQzMSg3k10WZLizkC7DX7CXC0=","LFPKlE/H2YKpSp7LVg5Ao9S7emKNuMzpAkYJ452UOCI="],"block_size":4096,"path":"main.js"},{"block_hashes":["weqNWEs4LyWc+hUjxaFKASTINvYLJ1mNcwL2Bq5+huk="],"block_size":4096,"path":"options.coffee"},{"block_hashes":["LT3As+GPgHqFwKMR7y3ICaMPczlEfxX6TqJ4rUMdJ/c="],"block_size":4096,"path":"options.html"},{"block_hashes":["FGawb6tfdBjwUmKM0pgUbgWIIV4MBXl3Ir3y7U+z0Mg="],"block_size":4096,"path":"options.js"},{"block_hashes":["5X/3ak1IjDz+1E7ccojYI6DWsSSLea3ZWwgjMTzscxk="],"block_size":4096,"path":"storewrap.coffee"},{"block_hashes":["Ar1UUBQnp+wtStYkCORqZw4CbbNAi0u4ICVId/mgfUc="],"block_size":4096,"path":"storewrap.js"},{"block_hashes":["L6b6/jWcoLFF1ZG2MPnzGWml9Ib/nIzpmYxMG/druEk=","yw7IRUAG2WJujH2XejOAeaeZCCbty1eXXvBUcZZICZ4=","zV1imA25Qs+FTL18ywl0rl4NLXs41lVsVz/tqkdDQws="],"block_size":4096,"path":"underscore-min.js"},{"block_hashes":["iRkROiGfQoNDHsQJhsgl+MUMz6lu55VhK1QZZf+JQNY=","I85iyv+F7pa7mC5nGJcI6ryPrGH9H6+uu+3w+/Iismw="],"block_size":4096,"path":"xregexp-min.js"}],"version":2}