{"file_hashes":[{"block_hashes":["r0fLgXbafFIZpS9hYZ4v7JliQUI1zJOqniqUyLHPSIY="],"block_size":4096,"path":"background.js"},{"block_hashes":["hb96/yxljsF7rkyaoQS+vJ8+y/UgDRdXObd9qw10TbU="],"block_size":4096,"path":"common.js"},{"block_hashes":["KLtE9UOx5DUFZj0znvlqU7tdWipJ4NsBYmcDu2fJMNE="],"block_size":4096,"path":"doc_start.js"},{"block_hashes":["vll3UaHiARjPVZxmwtI+T0hjaI1COe4AZ9EU3qszSrw="],"block_size":4096,"path":"feed-icon-16x16-subscribed.png"},{"block_hashes":["2lzmhhwokhZQSLX5dMJDcMXMa1lBeTQiZvK2kZKrB2g="],"block_size":4096,"path":"feed-icon-64x64.png"},{"block_hashes":["5X7N2U07yzdWbNUkhih+kclIPBwNxsz4abLpnnh8R7M="],"block_size":4096,"path":"feed_finder.js"},{"block_hashes":["Qs4v4Rw5crYl9tXqUsR3Js141SgmsIqnv/mClyaWJ+s=","sTHgjOOLoT5/DdlmNiMG3oj/aI1RHfLqabjMLUTpoEI="],"block_size":4096,"path":"iframe.js"},{"block_hashes":["Y0C/FVaHJxENvYJR2XJzQbPw0tdz9hUZrqXuVnDB3AU=","p/K27YvhOuOopOxm8JVDspOFZsUVKj20CfRpBehEXnw="],"block_size":4096,"path":"options.html"},{"block_hashes":["1JZN2WzS7oOi8y6AZjxeMpfzxMD/8u3AapAiMH96z3k=","1pbH0FEkR6z3r7Zd7wX6W8GDGgJYHU57RmZi+QlHkXk=","NUWzu7l1xfO8g+vSPsy8HJUk9208vxr9s3oTW7cU25Q="],"block_size":4096,"path":"options.js"},{"block_hashes":["0x8vzKxpzjOT+9jf75ht5otkAPo7v/jK4qxkrPy4oZ4="],"block_size":4096,"path":"popup.html"},{"block_hashes":["Aloj4HW5bOUDvdccTZ1qbM6Zfb4QpuR3FOmWx4h/GT0="],"block_size":4096,"path":"popup.js"},{"block_hashes":["AzBgUYBZ8Dtp/APOc93BQX7Zj80s8Qzas3KnhpSpvPk="],"block_size":4096,"path":"sniff_common.js"},{"block_hashes":["AXcZVmzvVOu2blqAgv9NbymPS3UwYo7hk8H6tpyKKSg="],"block_size":4096,"path":"style.css"},{"block_hashes":["o/cFVzudRgjKfKf9tcPWBnvJF46e19KZvuHTIzhxEe8="],"block_size":4096,"path":"subscribe.css"},{"block_hashes":["lXYRX8AIc+R9PQM0lLJhS6O6VHiUMNGI6s/MaMbK6H4="],"block_size":4096,"path":"subscribe.html"},{"block_hashes":["y2TQMlQqhaoC7HlLTYs4Buqv57E/jaaD41XgPbk0X6Y=","cbP+ZwgxHFjVPhCqGPdTofkY1dYu5WoCYQVEgmkVaA8=","6qKYzRWJYSvtz6OM1mXc6EzdBKAHsP/I9arnzf5MMHs="],"block_size":4096,"path":"subscribe.js"}],"version":2}