{"file_hashes":[{"block_hashes":["+7Ec9PuwkSNEoqbkkTmFmooQSRGGIrswBi8EVARZ6fo=","yEsaWmLNg8rVMMsfQBsydjWNSFrPZ5lV/ua9zPVOUzs=","06IOvTTGjxHXrIcP9dHP7WcLkNtNI6z5eDupSUDtzVs=","MTFeZOXjuR3uZSMycAwE/GVzIhMbk+B0jCZ9Rwrtfvw=","fr+GkFkLJiLnpuuLLsTTgSyZq4VMfjxyz5Iax3/ewQE=","KIJKmxqPDgXERvbkEgKfPRjLRbndUY2rkpEsRutLQCA=","YBcMczFpVSr+oAD/48PI0E7xTRZsA5lnvZ0N2CW1+7o=","OocDCESImSayLuIeHyx9puX9rxzeeTpO//bV0s0urK0=","E7txp9cxOV6JjSa+/OK6bwHVNpsI0LLnoohTKx9t+18=","85Stev4zEdKBvfPdQZv71rUE1f3TrFb7E/W9eu2ZJsk=","D7IjWNN6tC5JBHDc53aTdVkwE//U9+ysNNhaxjzeIrI="],"block_size":4096,"path":"CHANGELOG.txt"},{"block_hashes":["7AwA/SNA2hYWQoyJIaYJ4HwcIA6rg8GyyWHCS72+zp4=","oD5ibGmeULITOdCMOiNnCO2gyOKtHe0+VwNEPGD1RcQ=","LK7Gj1qjuQtOSMZ3532A5mdYVZUBYTBaHy4VDg6vXBE=","GabNb4F1FtW1mtH6X4PCn4nTUzRgTeyvxxZ5kFMwCQ4=","uBXxk+3XBNVkTVJVOW5Gcq2fa1dNEPurnM9fyTTSsS0=","yzyQfDqhpui2Bye4yMQ90hI39KqOtpi6nTIB6Ks+LYA=","nyDPfrmh5FTVrXv98hxeAvJVwBdfmoWZ95M+Og74BVo=","brLlSWrJKNzf7dGt2hFIZUSqKCvt4jdH3KLu06lOEYM=","9C13OFypUq3pIdfJu5+itlfdhjgbkrUcqnP9sNE2ms4="],"block_size":4096,"path":"LICENSE"},{"block_hashes":["G05zeV2MgqohKSxFSIvwgQyC5ukaHTBdNDldU8elqX4="],"block_size":4096,"path":"README.markdown"},{"block_hashes":["ATB3fDPlodiNpRBbdbKA2jjLj0ptL7/KB7iW/AlO7Yg="],"block_size":4096,"path":"adblock_start_chrome.js"},{"block_hashes":["vkFDRdQmcg/HXkWo5UIoJdxV3ypZTd4BabSlir4vmng=","24m7QP9GU1ioNAyKFamMX+8lBiuSWN6/Mrk78fmmXHE="],"block_size":4096,"path":"adblock_start_common.js"},{"block_hashes":["TPRoCKVIcu5sBxgwiBqtNkL4syEYbzwr9U+tmcRSwlE=","qtGjclBB8IE31Fg9ytESrtu5iR9qr2oDX6jm4gfDrXk=","+YjQZr4tL+3IyrGphbblHHPXpJI8vB0xRj3ejFYyLl0=","zZQ5MQ0V2kah4r+lsiUuIJC5yZcAj9/0Sgh+Q4p0NUw=","KW9SjOKJj9ZcJZte5F386UpO8UFnfsnPFQtL+lKbd+s=","BKJByM47uGeSxRCj8aDN53umZQHNZfu68gIVAN+UNSE=","FiLbZejqOhkZ28VWzFgZFtwTp2sHZSSzB9xqzMYeceg=","0LLChePvVctGq+W9NcxIZd3ZpgS3o36jJrdnrNbjs4o=","pZ99Sm+P9tnUOGn83bIGq/vEs+Z1SRaxOOECG2iatUs=","/lhE9THXLsooQo7SA9NojvQ+TGq3dcIumjztWxRzDz4=","fYYPA8UchN4+iYNJ1ZRWJo/E9k2JsqQDKt2Zj5zjxHg=","8p5zGXvFABdyTuR/tjJFbasQ4VAki/BFq+9IasdBLFs=","9FfFObPArrCk/cg1yuPVnkeHNjX+fmGz+PvCg93F/yE=","ELE4+M38kCDwoBdWrn/tf23mP4rY4uLl7XDzQS5rU1Q=","KgYHHtg/wRSQrZi46hAir+pMxUvJ44lKS/rXI9ywZoI=","lM5ep1P5FwQcH6rx+mDlnp7rB3EMTq2gN9LJe9nAnXE=","VbC+M3A50qTHWUlUD3ahO0BlGlmm8FC5IwI06iviRjw=","UueZ9z8qJCObYRwfEJIhfiJ+x5gbLJQUdrhV7UhhzpE="],"block_size":4096,"path":"background.js"},{"block_hashes":["BrTkBeiGl0Dz2W37+dPE7g407GF9gXIx+ML51QRo7v4=","LdxXiNHF1Xdv9Gu4DyD/rhIczf/EBVEaGryDqs8rL6I=","4dnX9Jeeuv3euc96nIsmHL8u58Rlo841chboiwGOM0E="],"block_size":4096,"path":"bandaids.js"},{"block_hashes":["0n6y1qecvWlMD11v0uGf5vx5oraA2lVsgilIt6XRNpk="],"block_size":4096,"path":"button/popup.css"},{"block_hashes":["tvf1HhzXOM1D+ezTUI1o9cVd7DUQI1QYevidsQFArbU=","H4zO9jJOd9PM0qUpSGXbTOliSZghXuEFDOzxH9ate0o="],"block_size":4096,"path":"button/popup.html"},{"block_hashes":["xOVCpBirY+alVh0fje5IYxEQcy7XMa9ZjNnorJgIqtE=","DCI8Gd6j/v0qn5d3tGOMsIwi4HaRpmD/EoEYW+GudQA=","iDIThnvrLKCz/yu2Yg2MYZ4d93d3Yb//kVgsKERwCJ4="],"block_size":4096,"path":"button/popup.js"},{"block_hashes":["F6M7+HR/Xp+SyE76r5gkTqEgLFo49KGqpcqFgAa6zE0=","VLtdFLEVmUywEvOG81Wd/Gc6YMx2xkpIvj6SdDrsMY8="],"block_size":4096,"path":"button/search/search.css"},{"block_hashes":["YcGX8EsgC0pLKpoQlc3G8LRfavVDriHfNcRGKG6hEW8=","AfaRhgiAzBX7Y/YBgcBmPOdZw92UF8YuAmTPMs2e8mg="],"block_size":4096,"path":"button/search/search.js"},{"block_hashes":["HjX675WiDFYLbTtNhJD1BlQnj4ntHOhbgqhVMaanVZ0="],"block_size":4096,"path":"checkupdates.js"},{"block_hashes":["Y9Va+90THXxH33/kepzRQPUMN0y4V9MZZ+KUz1S4Cl4="],"block_size":4096,"path":"chrome_oauth_receiver.html"},{"block_hashes":["QXGff0oQehPaoX2i4QDRExeRCjzXLk8EO92lmkaZMqQ="],"block_size":4096,"path":"chrome_oauth_receiver.js"},{"block_hashes":["yc7mizenKtxxqDbx0FU7J+eoVTFVtoSJLqdcZYUYGp4=","RQ9iCkvHqnhtFJnxbTDgZvE9nlBmV6nxmdNdNPY40eA=","kwS8JpSlhXPIWD7mj5smWpbkE4AxIWXrATUKYa9D1p0=","idhkWLDQI1mT7Y7Txr3919QakgU+5zCg0jmrgHsSCiw=","Q/KbHQltHfoGd9H4lMFToD8aj2aVe4lbyd45NaGqKU0=","QIQBFgmbqJGjHhvkwWa3Mj+E3n4hnoltINZMLtLlimE=","JiAiyt26Z3KaY1nppksclfaa4TcNrF6tTigDgvDZQtM=","yNPlAPt09V5JdxfAuwyBdpJGPEynW7odMqzcMSORNJI=","hYlbgOntmsG2Jq1a8V3jKwWyFJolsOPVUU2wR2UTROs=","4d2PlwBXXfiezR4Ap7vIng+7CYs6Q3DC0VbcvK3c8cc=","XvC+87s4PqDB68i2rr6TGPLYaTxmY5O7MZdFr/g4lIY=","WWsn4oDN06q9r3VceTetUDYU6wQCFC+jFG8r6gtf3tA=","WZSavrVCoUVxv6pD+pJh/jbfPVEKZaVKb97hR1LCZjc=","Hqt6UxC3B0mkJ1RDrRQsO/XtAbGfL1lOsE8hbWu1OTQ=","G9lzaxFssBjVTkVdBrTFPK89mh96CwvCtK4T3sjkBrQ=","tFl+utay15LSFkWnj85qSxSmv/lJmLhPFp24OJuTGaQ=","NV4yw/SL5+mzFBkVYK5CG6BmbGb/veD0OFEdNLj0Ais=","eftLG260P9SZ3GIMsvF8tQbOI1Btj2f/o1pyPQv3K3E=","4gu0pfT+qRBToq8v7cpgeBxQ2NPZpQRndNg4zPI3YFM=","WshJwdjH2uxkXJGEGGcG9qieSdxtuxuyX7N8Zl1TAPk=","ZSpOHsoLKeZsvZyFTS3m5xToIu4ngoYYsjkoRFMHE7w=","czduXqdOFNywHAypeayxGQ+l3JFv9oEU48ryY5QjbUc=","HNco727NA1zvUOmV1iI6AIovkBJ46rTH9bJ5N50RLRQ=","sbl5TgCvvyT6Yh7c+tXANXucOcfd6sehwvz4gkUpqgw=","Lh8CLgg9YYQR2S+qBuIo1XIlbFDS6JyzQ5N44EEMyhQ=","d7b8c4pP5G6yMdZHM9wJVihfm+2+eJb1eHeju2hAvsU=","SRIUilhNBd9ss0BMA9qDmTpff3vW09Supw1wBKthqjA=","GlFGidUwcigLFjnehR2JztVN9+NwRpYTyd0MF2as4i8=","GCJZzf4l6Ng6SWMmZqW+rcYza8FyVLi1dHu429Lw5TE=","5bITcWp1A5tsVoAUU3tDkHRn/3LqsVkOiySWKgbBI5I=","E6X8tRQ/ENPx4AAbXLxSExqHi8f/RxHR3+4SvMHDexo=","dRq0jrDBDT4pIVJ4dNHlu0QnkhIDFmNj7W16nvRpS3s=","maenOBvEhjyFWpqyNy1WfkeF+GNul0iCR3D2q08dsjw=","81lFX8C76a7HYesj/36YBMcHGi7f6BxXHQzZ6wKsORA=","OYBWAiUZLdpFSBDqlb/nsUkvnkEZVrVUCVriJtnPb0E=","yHPdy+s2KtQhQ0rI2Oh2JtkB798rfOk37/bOx5fV89E="],"block_size":4096,"path":"dropbox-datastores.js"},{"block_hashes":["5/6++cpj7rPdIPS7rvr1bwHiZ+xWvYk+iGrPyQnGzJ0="],"block_size":4096,"path":"filtering/domainset.js"},{"block_hashes":["f1UQ72xGvkL8SPlWP85o6z9/raf4IL3tqgzAh28KqnM=","Xchr+YvQFstaGpcnZMT9UPI2fcz1Y0hmeO4U9pUNkg8=","AdIuROvrQh8X0H/7rL/jGoi9zNltqIdcqREoMg14d6A="],"block_size":4096,"path":"filtering/filternormalizer.js"},{"block_hashes":["XhlmVcw/ZeEdXfrh31679X4SlkFMixV1HwQKUB79fo0="],"block_size":4096,"path":"filtering/filteroptions.js"},{"block_hashes":["KpBgZTuc+4F1s4P7IE/knWQZP8R5970AzAnSfp86G3o=","RFf25wQ0ZFn0eA65XXVV+I/+7B8B+vQBI6WOVMWu/XI="],"block_size":4096,"path":"filtering/filterset.js"},{"block_hashes":["qCq0CXn21dRdeMkFOsFm+KaL3V+p2QDERtdzXT6Jvu0=","2R+QkQnKmtt2LxFdwsvR2LC/EoCNy3VRpjHE4lqtRMM=","00jIwszgzkvSIuKRbsnRBN7zaVPZOdLLhWypB4GEmdA="],"block_size":4096,"path":"filtering/filtertypes.js"},{"block_hashes":["YEagQlJu3ZfKzPHZ6TzHqVU440mdn6CJLi8YI+72hfA=","EhUCa5D5Edf50tZ+AXp2mCyc0YoLR3ejK2LFnL3ScWQ=","4MVXbJ8WvyYmAX84n0R6pVzxpHXaN11pLQXv802DSjY=","B4an+ILEznlhY4UyTr6bbZtVjmUF/V5CGZFbKo+FG6Y=","S8zuNxIFR8APVNoYinPyskEJsJLVestnZgC18SYn+L0=","T+iQ+Pz60Lk6fVxjJoiprc18Rg3rKtG+CSFk5SAq43o=","kklx4FKphwKy34qBjxlacgDwkddmItfNUre+AsTorVc=","fIFgWFU88JjEWpNxZLBmP/ecL3o79PJN1EN/ce5/k0A="],"block_size":4096,"path":"filtering/myfilters.js"},{"block_hashes":["GsxrpHWRWxhatQHCwGGGH1LLvPw/BymoAQ/FWuQtDNA=","tIK6DtxU9f7scf/q8WgKMKi9yu7wyrUzvVhdVtJRdBU=","iH++5tOto8bqBp06KMZDSCKPV+fOtkCRId67tNU7Jyc="],"block_size":4096,"path":"functions.js"},{"block_hashes":["puVxmOfvAl6RtB8JGW2t3TBDxlhH1ouqWHWm/0pLtgo=","TM6oC0QE9ap0yURRs1/YsIYjg/4ucWT5hd2KXDljCQ8="],"block_size":4096,"path":"gab_question.js"},{"block_hashes":["0Omamn2G70rePyHQ3UKxQUnjb1OxUkVrBKOkFmCAZV4="],"block_size":4096,"path":"idlehandler.js"},{"block_hashes":["Tz56FGqBYnQpsvj3++4mLZxHWw19ayZhhIRPslJ7j+o="],"block_size":4096,"path":"img/delete.gif"},{"block_hashes":["5bV8jLTDIzuzCrU+FA6AJ2qLmDM7fc539YlRIPiPclU="],"block_size":4096,"path":"img/dropbox1.png"},{"block_hashes":["G4KT7DJ7IYP7acqiZfepuMAV01UQ4+X2Eym0thuFLRo="],"block_size":4096,"path":"img/dropbox2.png"},{"block_hashes":["faaIFfgKRNfyhnSxjS7F3TDenJ09M4lYlecpKQ6PzUg="],"block_size":4096,"path":"img/dropbox3.png"},{"block_hashes":["wTFuCoCOjfEOWHqLqEvlVNMJwtxlYbWdZAH3ac8cRyI="],"block_size":4096,"path":"img/facebook-sprite.png"},{"block_hashes":["lm6sAlq0G/3MLHfeCV+nsYOpkmGNqvomoiikWPY53Xs=","7pJavQKg227hVOK9CDyiNPrVATnToJj1PJPQxEuoyRU=","pMDowoxriIJ5Av5K0y6AP5H/CJH3oRA0hY+KPndRhf0="],"block_size":4096,"path":"img/gifloader.gif"},{"block_hashes":["wPENHp7WRnmqtawY2I21cAto5GLrE048Ut7YJqfwrWs="],"block_size":4096,"path":"img/gplus-sprite.png"},{"block_hashes":["UvRbsXgnTGqPSifvm6NaUfX56sgpHtypm+Xkwnq6EgM="],"block_size":4096,"path":"img/icon16_grayscale.png"},{"block_hashes":["z8Ng7D0n9DhdHY6fAVsOmlJn3rZDyriLsikerIGwEJI="],"block_size":4096,"path":"img/icon16_grayscale@2x.png"},{"block_hashes":["OMdJWGmZlvzbJBfFAHa3Kr5zSeQNFoiGiDkBPdIiyW4="],"block_size":4096,"path":"img/icon19-grayscale.png"},{"block_hashes":["vTCaZMOgO7S9jC4tvytWqN/MxIyl4ZL26FjEl7/MAeQ="],"block_size":4096,"path":"img/icon19-whitelisted.png"},{"block_hashes":["+vjRFxJI5QTpmUVnnLisblSxuZWq/qgA0iJ4dJizVug="],"block_size":4096,"path":"img/icon24.png"},{"block_hashes":["ljlWnNqoTwrtN1fjp/h3tayK6cWLe+1PNMaorKaKCGk="],"block_size":4096,"path":"img/icon32.png"},{"block_hashes":["RW8Ywif4UqHGm5yVQo2wYzQ+YnkNWcG2Kk2lMbfvLHk="],"block_size":4096,"path":"img/icon38-grayscale.png"},{"block_hashes":["s4wSxPPplw6aZEy7Q9L2GmrY29ZN3sf2bNXYVa0oLNY="],"block_size":4096,"path":"img/icon38-whitelisted.png"},{"block_hashes":["hCS6X3ZYsDFjUEgzfNs/wY77hFrOhEZJ6ZKDXEJBSAs=","stNmAn7MrQuZRcmdLKdXkMorFayLd9C/gPHIMY/o16M=","UVwdIt/5aTsreMKJ/s9rlXmOVpqO1FwaaD/KebLy4PE=","IeCKNbVs9aiVE8ccnMrwg2ziIoVSr7IpS7v9XZ4RvYU=","5x5s++vXHS9oBmwRnOQIdyoIJOfchTOp9J/097cNrZc=","xaNUQSrnuSwAdvVPKKG7XGpCghsxPpGNSCYbyjWss38=","GR9qs1gVs7209GmdK3JAv9usqVzDfHT20EzvHIGzKLc="],"block_size":4096,"path":"img/logo.png"},{"block_hashes":["uZs9CnjklqwNn8wlw339i3B/TEL0Y3bAf+nvRn95L3U="],"block_size":4096,"path":"img/search/check.png"},{"block_hashes":["uklfiBO6NiQRW2i5kXsWu6R/ooicPPB5VC7lPp3EoEo="],"block_size":4096,"path":"img/search/magnifying_glass.png"},{"block_hashes":["jgG1NsY2sHNxBaPab+DXByUB+aGBIp4SkT7+62WutuY="],"block_size":4096,"path":"img/search/search-engine-card_no-shadow.png"},{"block_hashes":["7d3aeSxsQODlK9lNOVSTcl4efRleYNdRImYemG/kghc=","gZ5y7wBQZ2uGFgtvvQs5tH+7E6jhDmnCmcvhrYSNI98="],"block_size":4096,"path":"img/search/search-engine-icons.png"},{"block_hashes":["KfnJUZZ89Mp1pw7L5I/r5A9GiAt/duDoDBOxcPP5odI="],"block_size":4096,"path":"img/search/search-omnibox-card_no-shadow.png"},{"block_hashes":["bcxgZdq4oYfHu40KfKYSDOzdMqaAoLld+WAXJ4Y06vI="],"block_size":4096,"path":"img/search/search_engine_select_arrow.png"},{"block_hashes":["pMkbJx6IdEe1qdhnWohnSBjvyUmrpB5LX/7pdR9Wanw="],"block_size":4096,"path":"img/twitter-sprite.png"},{"block_hashes":["uQBt5Vijram8PGL9qPqiAJkNn8YldeOMuEIicAjXd5k="],"block_size":4096,"path":"jquery/css/images/ui-bg_flat_55_999999_40x100.png"},{"block_hashes":["moSSpYC/hdPpiuiGH71FVn5aH4Pur8+VdNoDmdX2Aqs="],"block_size":4096,"path":"jquery/css/images/ui-bg_flat_75_aaaaaa_40x100.png"},{"block_hashes":["yM5FOyL6HchcFgnQuYjYO0t23Dhb/eYE738av6iGriQ="],"block_size":4096,"path":"jquery/css/images/ui-bg_glass_45_0078ae_1x400.png"},{"block_hashes":["b1VOCbeyVaJkPo+V9Gl9K06IgkWcLG93PNctqj6L8qs="],"block_size":4096,"path":"jquery/css/images/ui-bg_glass_55_f8da4e_1x400.png"},{"block_hashes":["3zVOwPN8KLR6myHWuN10PnFUjXzqTdOQ3Els3I7j+cE="],"block_size":4096,"path":"jquery/css/images/ui-bg_glass_75_79c9ec_1x400.png"},{"block_hashes":["6NhNqQ0cMsVp1bnl+fEPjBd+mtTfvmCvY71MiFvy/Qk="],"block_size":4096,"path":"jquery/css/images/ui-bg_gloss-wave_50_38cfff_500x100.png"},{"block_hashes":["6NhNqQ0cMsVp1bnl+fEPjBd+mtTfvmCvY71MiFvy/Qk="],"block_size":4096,"path":"jquery/css/images/ui-bg_gloss-wave_75_2191c0_500x100.png"},{"block_hashes":["0XWuNFr+FFGbyj6+FSqfhj5RFviZOmQcJvYZ+SZDbfA="],"block_size":4096,"path":"jquery/css/images/ui-bg_inset-hard_100_fcfdfd_1x100.png"},{"block_hashes":["A2NucXivU1NZ+NaxIQVFgrAAbYyWOd2wqS3d6fn9qBA=","kFaKYOjoYCt63aYRQeJQPr/vLEvxefvVb4ZQmjf4IXo="],"block_size":4096,"path":"jquery/css/images/ui-icons_056b93_256x240.png"},{"block_hashes":["FQjRj+vEHurRnZwCcZNhTezEfvgxDz68LZStrFB0XYE=","Xmam/fmjrRvZ/4plhH1grke1kVKWo9frGnmP4VfBLFI="],"block_size":4096,"path":"jquery/css/images/ui-icons_d8e7f3_256x240.png"},{"block_hashes":["rCTXgTIi4P66bM3kwSFwfVBCQ4W8CsQopkW7aVO9lCc=","LCDQJaAZ2clOhZn2d6ICGqCBqDER/EsEtpt8vHWncmQ=","vcsljnaJB/a59Q6+mWNxH/sNzlxoNP/o7Hqb0kKwbwo=","4aTWlAyB/XGfzWzA3w7Ly3dN572ZuX+zTp6xSz5z3/c=","/m5oFgOy2OkFWrg6IBObb8nTbhnc/CQjkeUstog+ncI="],"block_size":4096,"path":"jquery/css/jquery-ui.custom.css"},{"block_hashes":["ctW6CnW/D+RkOBPvzzwpAZPftTvPT9h5IOW7tBmbOAI=","2b3kXQe4wciIPTUvtjvdrDIe7aZZIQ1WAvzoXwm9Rz0="],"block_size":4096,"path":"jquery/css/override-page.css"},{"block_hashes":["+1O/IgMD6vmxwbfihTnN5O7wjFnBhWDqMPxRtFEl8sk=","A5R1AP730GUOO/8wgNbU5s5VhgLmLKifxm8LAYKqBbA=","OIZCVOQ9tazs9t70XmaWU9Xmv07xvA7OkkezYVtNKzM=","bRmURriDB52Sap+D1RlEUXyBrpPAD8nt2B/mhHXDcps=","qqLeTOc4aLZIsnLMeqqHyroSQG8chG3lBBsdsp4fekM=","Jt4cMhD+O0E+zumDLk6ZzWsnl/PEwpCjNMWJ9Cd7opU=","YYMfsO7qUMFQbr3oXGDrt+/rm4hrrY01sAoRQNkMq/8=","mgq2XRww4rSLFA/UAimmq53M3ZtHNxha9S0opG1j3ms=","9eSw8Li085keBVxAfgvcLdYCHIhkU1pB5AIL8PE3M2g=","yydUYAXga2vayiA8S/L8SWTCwkfmPrfpEVXEYcOBMng=","1FEfK7vNDLm83DO2Xm/GVut4kPcziFwsPihIxzcFNiw=","Unbe0gVfJflWc2DwfZZPHrOkG2QG509mn+qwkvcTOtA=","qEWYmHqqTslS/kvIQPfkNo4FW0VXTqze+HypitMb5ys=","SNFe+FDOxAZL/vYVOQ3G6xVPA4z/KgkBE6D2SSWfMZk=","zE8KkT7xDcHhaGkFlvI2RUuPNXFQHW/IXm1B2FDvv+4=","clum8NE5s4h6aZ5mOwq73a1KS8e7aH9j//FWXk+2Jxk=","q7r0ZyKaYDp2iJGDz8TEOJtpJpiY4YtZvICMh5RhGms=","5oMXSOGt3ifdhLtf6kZaupVDkEsPM1Gh73UOnIwuoyA=","qhQXbIPKzI9W4UwS4V4lje5oF6TW2sOCG300e5YZhek=","AFcBSBFdB3+p4ZMjZToRH0d+r009Anzl2hNWUwUFt14=","KGbTvuuSpDo6/vdCVD8NAsxyAESWmnZQNsYFpFGG370=","ljl2EUN/g36hdlRUQIrSAQhspEBARJbYwfDYTJthSO8=","s8SKY2pHyrA9AstKpQhYm1ZLiMNY/G8PIOVamJkHVlM=","1dLDi0w858N1dN4JzHkfCnFTnBk5nCY7HnW5+roKNj0=","LxXOMXFAvdj5KsEL8vGXad2/O8+HK+4HHDIAV2uRodc=","IqmBulhv3D7FIpnGozSGpe3tqCC/LYEesmxF/i3f2uE=","uRcIv6b+zMhbLIOBsAMN+MzFCu7LS9RyphqVVevJGpA=","DmJbzQHum8Rl85rMvlprHsdcD8aUVlpHL88iELNMa3E=","VazwOa7UBUglTNLAD/dAb4Yzq5J1U2L65QsL7b4v0gw=","M6GUJou3/ZfO44sMN05qo5sfzG78GkCTHNteCrQdURs=","2SFtZkbvF+w/nIDVeefQCid+RDSShlYCQkpmFz1O/sE=","Oirfdrk+E+c8gF1ONMLDVoo07/3ilaGBK4xKYqRyKxM=","NpuAnaFkBGrDb5ocmwet2avwMFZ4qD63qeXXzV/PA1g=","iiCBpzqpA4YLXlE+x6h0BDYYyaroDBhqZ01MIgufmFE=","Xb62V/0VarZBIkYxP7LwUjIoYKak/PWG4v1DVnsAwck=","HCczXdF2Q+FLCZEJaxKX9DKl0utV5E37jWyZiVNn06o=","P9ohHEzh+uVD++laNP4yjP+meH7MshZTfFhHKPhcUEM=","GvjiWqh25v6bllVFPhaYWSaESbXzCsz6ghc+X9Zsu/Y=","IySHJ5c2v8Z0Hs7JHE4/XOk3K1EzrJ+EJUIRP/FPsmw=","VmUoqJjcTcOT+moDfRQ7jK6n2DZKcngzSwa+AcyyoKs=","HLQ8qAh5rG3xJomJ7SjvrGTXHaxPkwjiBetpxZ6Qvps=","g8WzynXXrEN2Ws7dug0wguhRLzzy7QMdUSQ5tQCQo7Y=","pY4EGuOxZettPRLuO/xCGBsZ5AlXHm3HJ4eooTH9tto=","fnGjt1f/zNnZloMoOEd3NUyEc3TPQKNPaTcA2AfVXNg=","+6WssU+INW7G6kqoQrRiLR4rmMshoNAfcpOIAVzgEJY=","KMnyTQ8tbQkmo8DXbXZMBPjS2+L7FnQZTgn1uqQG/kQ=","3KGmn+McCY5Ja/p/LepEyH6If/Ou0kgPXocqtTMTUMM=","4ZmZH3pG2Iz+sPcv+sesZMX7Cji86HS6QBR554+LrmM=","BHf/oNqAQrYgQSXdOXxLRWUThWqWGDmhKgPJSo6JKmI=","hMyjF/WSQCiCRmyD8lKEnV+z2nabkyYguoEX8joahG0=","aI1NZJ/d+mZ/srUQF1pZGG4Md6kEY3QCPQUQP64KIGE=","NHbaA0tYra0JAIMqg9fK5uFOpq8y0CC857GAqtHw0gk=","QeXkmBEhrELS4i1RXJXrLfnvcui+Gr+p9R1eqGR5xrM=","onE9iMOd35cnkyjSdDZ65Idzk0sx+HWuFwViAa2FWHI=","idBSR4ObTaIRq6uXIGzHCOKGrrM8FNtSbvngrMUTLCE=","6uWNk9l9eNg8bBaP78hUhFl6KIU9yqzjEqzrcgMa4to="],"block_size":4096,"path":"jquery/jquery-ui.custom.min.js"},{"block_hashes":["eAOpAZFhMFFZeu8xID+S3OU0lVvXaiiL0vE0UwFeA8c=","GGJq1ELKsIAcZr1f7hDRW9taH4VNnyRsyHV9dMzDdNw="],"block_size":4096,"path":"jquery/jquery.cookie.js"},{"block_hashes":["em+zUXKjPRmhczN3lA2xu9LbJumDMSBrFmyzV4N4uAs=","oZ3ksgogtZGt2V3Hx7b3Bx4BWIlR9evH3ZYhb/0KNyI=","OgzJRMAJD4enE+clnRm/qZNi6JsfX45K8kV9Nt4QCSY=","nyRR6Dp0VMqEn52mlpMBalh5YTH79ptVX4xF9hvuDdg=","nZVKTz5dDHVBzwyZQCGTwh+1iI9vrPPStn+ofQrmCJU=","sL525yJ0NdnYt6T4O3GLe7gH1OeUFa0CCuP847Bt4f8=","aioB1FUKrDOomjfVeZ+/O6PjnTOPSahUzg1kn9dhN2c=","/lhKYZ03li7IxIrq81ffA+is3b5UzNJko6JDHFcclM8=","6pgtIpcZ0Am+MLSTlXgV8KnZ8kdhn8OzMbgdgh/oYic=","aLmgUE2EmuegHR+9I8/U8+I4gE+U2DOY30rjdZWtVhU=","83PRXgXhykGmv8/BGbtN0PXewB18FgHoniPox2HNHPg=","E45xC08Na1mSM3zP+HYWp+Tg8S+DPA849uwUDTqs914=","qQzaxLVOilF6+vrJjK+4cAoJzAWcUHPziYJWIWFPD/Y=","/kTwTmzSltVjAyOB3dsuAW6/ZQjOdg9m4cP62dW5Gzg=","EUzLInHw0bnwwl/si2Bq+d1SmoM1lOiYR6qIHFgB2l4=","19+EdsUk0Nb3wQrkIS9n1c0pH9d9fDlmFQ8xQeCQwNI=","Vng52q043+NbrSLYdbwDGfR+EokcfHmKmPRHyYvfm0M=","5xptDaL3cBg7ea4cHXciA9K+IMOIw0enfnxS1MAgjEw=","qvUsFD10WCWkpg8SoZQ6bHxLmq+L3mytwb8kr2uSePQ=","2+7UBeS56SXyzckHf0yLtsOnhttKmKAhXiZ5Vuy2mFc=","ccNHjFnp83SUhY8UMZPGDSjxuM+N6gkBIFe8fZE/+0o="],"block_size":4096,"path":"jquery/jquery.min.js"},{"block_hashes":["G199l80HUgEejjuVNEU+AWAjpGos9wLTP4fbNn0dfRY=","7beJ32CaRo29Tuw1d7iHCM9n/QwbrQ3aVkgqr0xVRoM="],"block_size":4096,"path":"notificationoverlay.js"},{"block_hashes":["Mb1qCGWP2ivw6lopwK5I5pSTMTuCtTMIaPq12gW1kUE=","ngKxlXH1dWcsPywyN6w7X5X3mGW49w60MEwiRzNbnSg="],"block_size":4096,"path":"options/customize.html"},{"block_hashes":["7vclt9DdyRL7niwsav7haKA2GgAMhNxnFiePE7Xi9zg=","cX+hWcr3KuYAqSXFvi74JjWpYlbPTDEZdc9+keKLX6o=","OS/+C7NuqGItRvppsaH6r0AuK8zDu+Jzd5b7Ov9lk40="],"block_size":4096,"path":"options/customize.js"},{"block_hashes":["nJ4ZJNfYPd4hPcbl16q0yT8fn/SLwS8N1f0fjIy5dRA="],"block_size":4096,"path":"options/filters.html"},{"block_hashes":["YCIHG3M4Q7BxxanMxrwGGpnOgy3g6zzrI5p82kYp8H8=","wu6jVlrGeDSQlkQWsYBzIadDlOnHBnISu9caVeVbCVs=","AX+DgRMAxe4iodN/VZX5B7AN2OayBMco1VLZ3LLtNPQ=","iOEy4NbwZxLIi2+7kz0sSEN4mduPTRgUKO9ZauyILrY=","HnpGpHEZ2d17zMnfpaxHDkYXYZGdFIk6HZlWV6RmZ8s=","tNxh+qNoIGeBMUaD0RGqsKTfCYLdFlI/ZY6BbXup9Ds=","7o1DseCV5u497ciobBbCcC1PWPb4NUA9njGH7X9Ikm8="],"block_size":4096,"path":"options/filters.js"},{"block_hashes":["GgmInMgUCJnfvRSPsTdoo4L1gxQi1A9GAj1lVUFSbiY="],"block_size":4096,"path":"options/general.html"},{"block_hashes":["eKvZJlnqR/2wb5ds06TOhEygOh1XceM3dmRPsCxlrtQ=","kh2Js43r+Qw2zK27Imvlk7kv8yqEr9pN+gmYirmSfdg="],"block_size":4096,"path":"options/general.js"},{"block_hashes":["T9HRDY+888YbZH+jnVqlECjVjZm8o1iE021jicrMFwo="],"block_size":4096,"path":"options/index.html"},{"block_hashes":["pNHr42gbhX9klLoEE3X0EOV8N+mGLT5QBH1rrqTAcM0=","wHejOR3vSdG/TCIAH1nTKdWVaEpAGGqZt4ZDdjMxfY0="],"block_size":4096,"path":"options/index.js"},{"block_hashes":["Y2ed+WtROGWTVi/rYAgPk3NoC1IQi1skZFmKiQnWvL0=","ymi9s2x3ujyJ5+QcJUY46hKHxlFy+8EDYnnsv+EE+P0=","hyYsbop4RpKOx+TSEofn/2HVGgFc33hlTDSEVy4wOio=","Nx/xMBV5iL5b0pn9m4a9mnwXzQF31d/y6T3dYo+EqKw="],"block_size":4096,"path":"options/options.css"},{"block_hashes":["TixoYuuppbkKhEbqUfp1Oz5GsbEFoL8wIgtTD3zzTIw="],"block_size":4096,"path":"options/support.html"},{"block_hashes":["Hg5yc9EBjGOyQqxYGw3ZeMmh/HUR+AfbMGe/XFR0cAY="],"block_size":4096,"path":"options/support.js"},{"block_hashes":["4TupCSiHQdVYItXgiGkorFS9Lb3l55VgAmCvl+SU1yY=","uM4rddSTHMy4jdKzEjvRJwhpoynlbqrhicFCHvxtoWE=","iFYrJZTb1zQ70aJAgKUq0fWIY7/SBd1orOtDB4aEscU="],"block_size":4096,"path":"pages/adreport.html"},{"block_hashes":["AfNfPDvrVBLCwHTnG5/ovj+OYyAWOSIwQQK1C59sV9k=","282QRmhWP2aHv1uCFFn+n0/3xAUFcoMI5GtOjigQ1fA=","pOiIL74NsVaiGM9OItdYBevEpVIhdhbyBiEktlWyJWY=","JAx4unoP1M6NRGKBo8Ax9PTBaH4w9gE05oMlUDpnGiI=","vigJJdakwqEWeJnkS/QYz0LofnZdrDnDrsDNd7/HrC8="],"block_size":4096,"path":"pages/adreport.js"},{"block_hashes":["LdT9lNg1+/M7pPLaaXP/lYrcvgmaWrVLJ8lGcGF5ZiY=","dmkhhnZe+AMlIiD1IAUFFF32OPzgk0wFsJONoPcCtTw=","aEkfBB8hz5n5P5ss3ODLiKcowBWrIuibidBFUxHlZyg="],"block_size":4096,"path":"pages/resourceblock.html"},{"block_hashes":["4kpv++cUGI6UNkEtmqkNJ6cSLdU/dLnLSveS29ZA5kg=","mQszs/HKAz917RtkHiCvjT+qi39XHOQxcKQC572JHnM=","VZ64gT5S1E1gPFNouOpk8mkje9A839Do0bY4uKto5eA=","+r9/m9/Kuwhuw6Dyy2R61aucjYFC71+dKTpv/LSVb+Q=","2iqKzLm/3B+P1EBn5u5KznmjMZu6WwSus9z+Y+nhq4c=","p8CA9VjyO3ldWnhyFTOO0CWwGPdLUKH4485yB9aqsMU=","Xv90TZ6F26aPKUzXY1qZU6DuC5yXvpwQ8O1hgBhtkPg=","fZg5N2todUPooLp6enYg4JSGQsS8uGOqa0HsJ7khJ1U="],"block_size":4096,"path":"pages/resourceblock.js"},{"block_hashes":["UZ0mxLsitEkGuhBl3bXHoW2WpRfk3M9fbdKYQgGrH+w="],"block_size":4096,"path":"pages/subscribe.html"},{"block_hashes":["waWT5zEecmmxyH2WG0e/0UOveHz989ypg2hmrpi1a9g="],"block_size":4096,"path":"pages/subscribe.js"},{"block_hashes":["bjYueGuRIJLo+EK+3IMn0o72wu6e9Qk3JeaQWhAwpjY=","UAmQQFc0qYTBmWVx/90oK99lq5eMaQlyGZ1IaLWkLOs=","JOMIS/9HW+zm8B7VUbgp968izp1t3qPyCDTByvBS/uM=","gEU4o884mIShN4U3+wkEKsknKztztsQLpwIneDvl3G8="],"block_size":4096,"path":"port.js"},{"block_hashes":["YnYpUTPsLcT5+RmqU3YSNLK/LCxEPy49Hf/942ZRYXs="],"block_size":4096,"path":"punycode.min.js"},{"block_hashes":["lTNm5gkXwd7Axkw1Iz6sD7N3MPCW7v9wtO3fXcgqPvo="],"block_size":4096,"path":"search/focus.js"},{"block_hashes":["KrFDscxOZH29jarjHDpzuH1V8Fyxo/H6jPoDWB2pZio="],"block_size":4096,"path":"search/incognito.js"},{"block_hashes":["01tYN8mehEM3vRS7mdrRQdGxyHDJMq++1BoU2fulXs0="],"block_size":4096,"path":"search/pitchpage.js"},{"block_hashes":["3xoQU0ToQ8xr0xofdd6jrh9kyLbfCu1WRF6Mv0bCPv0=","LzRvW2RJiOCTpg/2YOd+6YCzH3bJMzml7eAO7X1q6kk=","6MO353PoqUnepjI2mbTdvaHoBQGEiZTKTH8ZVHpe7iA=","Zj8261ZKiP+6tSn7uuDdcsPJl3YgTKKLhV7wcgCxoLE=","bA34yO20W758wNZXo9MAcUAGBEb/PLz+of0t7PkGSiY=","KzvsuVW1PNUwvOP1EUTjAeARhI6t/Rxd8R48dO+C5kw=","Z9AdGPCHnMZwG7TXzSixWQF8ZBMnrUTsgP4qHmK6/a0=","hpFgsb4a8apvaADvR3mhXrgJvspjCD3VpouiDdr+8EI="],"block_size":4096,"path":"search/search-plus-one.js"},{"block_hashes":["OPIrNdX+Qs7aJ/h31uVLW+fhYPvshVYYxlLilqCaGKY="],"block_size":4096,"path":"search/secure_reminder.js"},{"block_hashes":["ALbsPqr/zq5mdlkATROyCg05zzMdyKhNo/edF0mXEac="],"block_size":4096,"path":"search/serp.js"},{"block_hashes":["cmLl6bGQBW1hnBQYKYWXLllzRYC0TI1et47gRLfY8lQ=","LXFxij4aIURvG16bxwREqd6/Ov+yAc2KZGgvOvhddm8="],"block_size":4096,"path":"stats.js"},{"block_hashes":["wLeh5NTP95FZcBxfI7yFyaF7NQdahUYfeTtsMSi0B4k=","BtMeSrxCSoTE0uD7yTEeyNu1Fo+vm4Osru67UKhOB9g="],"block_size":4096,"path":"survey.js"},{"block_hashes":["en6lS7mfd2qNk4CumgmAAmEyfcnS9xasKmOmPxPSSO8=","lpLBdvcvlwKuNyjbbr9ZLmDUzEu/+zr/ngLHoSXO+x0=","p+t/+CfS1Pkbd4U1lnMn+HHQib4nq+LkpK1xQOGtZ7Y=","V2XT02hj49yRVLrR4mlyZRrQXJh+MtyLp9mJ8rrFH08="],"block_size":4096,"path":"translators.json"},{"block_hashes":["AUsIBpKxPURCwmOOw4IE4Ye2y+cI42OFVMFrBEuvYIc=","Zc8Jrt0AmeU9mJhfd2t6tJS5vt3nQehxgSRQedgH3gA=","L9G1giJ8th9XM226jgvatdzfZPFS/J7rPfOYV4OJmtM=","M/A8Alt880T7tUpW2MSiw29W/1H5QanmPfp8b+vTECo="],"block_size":4096,"path":"uiscripts/blacklisting/blacklistui.js"},{"block_hashes":["7aX3FXFITWhJ1N5SjxgCp5UtdgQT+W3PoWR94e5GJ3E=","4WVD/w2fWK/+1AjC3CyoMLnUagEBBsCO5kKzyPnnX48="],"block_size":4096,"path":"uiscripts/blacklisting/clickwatcher.js"},{"block_hashes":["Tg8/SFofuvzLTw1lWhqu9ldK41PR6TAyyXMgWrezJtA="],"block_size":4096,"path":"uiscripts/blacklisting/elementchain.js"},{"block_hashes":["0RM4Xjdr44DH4XS1t3AcVmRVRiKfBNRjzVDoKlzvOYk="],"block_size":4096,"path":"uiscripts/blacklisting/overlay.js"},{"block_hashes":["bRFRs4Poc5bPQCAFrdohTyoLthULsv8kJbeUA8qLKNg="],"block_size":4096,"path":"uiscripts/blacklisting/rightclick_hook.js"},{"block_hashes":["7SyZon35/Cd7nmvaG1riIQGs3tiBZOT6Gr93GzvU/8w="],"block_size":4096,"path":"uiscripts/load_jquery_ui.js"},{"block_hashes":["VMnDXjv4O/pgg+W6uFsJqePH60n3Sx71XGjfCBcIO2g="],"block_size":4096,"path":"uiscripts/send_content_to_back.js"},{"block_hashes":["KQ/JygU01xNZBD/SP5gkCfpYG5qWZp1OE8EsYglwYtI="],"block_size":4096,"path":"uiscripts/top_open_blacklist_ui.js"},{"block_hashes":["L3MzEuVOA650A7NxSVcIIVox5lkOIHQZNbHPiNn7ay0=","E3mRNYFzXu+Ay/ZRD/rrNGbjXCLAkv7ZLo91/xeD3qE="],"block_size":4096,"path":"uiscripts/top_open_whitelist_ui.js"},{"block_hashes":["oUJQ5AEctm9B8fo73Yj/QXwpAkW3c0JKCRYzRxKfqJ8="],"block_size":4096,"path":"ytchannel.js"}],"version":2}